application_id,application_date,first_name,middle_name,last_name,contact_number,email_address,civil_status,dependents,address_city,address_province,years_of_stay,residence_type,employment_type,credit_limit,gross_monthly_income,source_of_funds,bpi_avg_monthly_deposits,bpi_avg_monthly_withdrawals,bpi_frequency_of_transactions,bpi_loans_taken,bpi_emi_payment,bpi_successful_loans,prepaid_load_frequency,postpaid_plan_history,data_usage_patterns,gcash_avg_monthly_deposits,gcash_avg_monthly_withdrawals,gcash_frequency_of_transactions,loan_purpose,loan_amount_requested_php,loan_tenor_months
APP-20250213-2824,5/28/2025,Mark,,Mann,9043321819,rhodespatricia@example.org,Widowed,0,Anthony Ville,Oriental Mindoro,0,Owned,Self-Employed,38118,124383.56,Business Income,,,,,,,14,Premium Plan,Medium,22764.22,4789.78,27,Home Renovation,281481.98,6
APP-20250223-6514,2/23/2025,Carolyn,A.,Baldwin,9116155940,lrobinson@example.com,Widowed,4,Katherine Ville,Agusan del Norte,3,Others,Salaried,,167586.89,Remittances,14469.4,3989.6,14,2,11394.91,0,,,,,,,Medical,637506.02,8
APP-20250513-3664,3/20/2025,Nolan,A.,Williams Oconnor,9553419283,jamesmichael@example.com,Married,3,Lindsay Ville,Maguindanao,12,Living with Relatives,Self-Employed,,170141.86,Salary,10549.14,47145.49,45,1,13387.04,1,20,Basic Plan,Medium,,,,Education,268555.77,6
APP-20250129-9830,1/29/2025,Sandra,C.,Carter,9496965328,barbara10@example.net,Widowed,0,Kendra Ville,Pampanga,24,Owned,Salaried,46120,40396.58,Investments,26455.72,48553.92,0,1,49806.07,0,,,,,,,Business Expansion,297032.63,6
APP-20250720-8433,7/20/2025,Norman,S.,Flowers,9048281489,mitchellclark@example.com,Married,1,Chelsea Ville,Maguindanao,11,Rented,Salaried,,102835.08,Salary,,,,,,,,,,1737.75,26340.29,5,Business Expansion,733248.06,4
APP-20250618-9727,6/18/2025,Frank,N.,Mayo,9227824896,gabriellecameron@example.org,Married,4,Lydia Ville,Samar,24,Rented,Freelancer,,199078.38,Remittances,,,,,,,,,,7437.17,1920.78,1,Personal,556151.91,6
APP-20250303-1117,3/3/2025,Jason,S.,Walter,9103105183,jason76@example.net,Separated,5,Douglas Ville,Quezon,15,Rented,Self-Employed,,56169.48,Investments,,,,,,,3,None,High,,,,Home Renovation,426460.73,12
APP-20250622-1887,6/22/2025,Amber,J.,Patterson,9106513338,icox@example.net,Widowed,1,Christopher Ville,Ifugao,13,Rented,Freelancer,,57463.23,Salary,,,,,,,1,Premium Plan,High,29069.89,27791.01,15,Education,409381.99,12
APP-20250205-4502,2/5/2025,Ernest,E.,Carlson,9602606474,djames@example.net,Widowed,5,Tasha Ville,Ifugao,30,Others,Self-Employed,24445,51363.17,Salary,25142.52,42635.99,10,3,29208.88,0,27,None,Low,20256.38,7056.12,7,Personal,249984.27,4
APP-20250607-2343,6/7/2025,Amanda,J.,Davidson,9699854353,cartereric@example.org,Separated,3,Teresa Ville,Davao Oriental,4,Living with Relatives,Unemployed,,186513.48,Salary,25294.23,6622.83,22,2,26881.72,0,11,Basic Plan,Low,,,,Personal,705022.23,4
APP-20250730-5905,7/30/2025,Monica,K.,Fowler,9124118244,ericfarmer@example.net,Married,5,Carol Ville,Apayao,10,Rented,Freelancer,,57713.04,Salary,38555.96,31855.67,16,0,177.28,0,,,,,,,Personal,14621.35,4
APP-20250126-3442,1/26/2025,Michael,T.,Roman,9805982620,brianhumphrey@example.org,Separated,2,Jessica Ville,Maguindanao,28,Owned,Freelancer,49699,57410.65,Salary,,,,,,,,,,27772.91,7102.12,10,Education,882009.12,4
APP-20250626-3938,6/26/2025,David,T.,Pierce,9563421607,allison96@example.org,Married,1,Jennifer Ville,Leyte,26,Others,Freelancer,,165901.91,Business Income,43217.65,48344.46,17,1,16413.1,1,,,,,,,Business Expansion,119765.04,8
APP-20250412-3925,4/12/2025,Zachary,D.,Walker,9940196556,andrew83@example.net,Single,3,Adrian Ville,Pampanga,28,Rented,Freelancer,33577,10321.34,Business Income,,,,,,,,,,28466.23,27623.13,39,Home Renovation,665070.54,4
APP-20250116-5920,1/16/2025,Anthony,M.,Palmer,9846564823,elizabeth38@example.org,Widowed,5,John Ville,Siquijor,30,Others,Self-Employed,,87154.28,Salary,,,,,,,,,,12896.64,17399.54,41,Home Renovation,467663.25,12
APP-20250213-4501,2/13/2025,Collin,R.,Henderson,9872148951,dshields@example.net,Married,5,Bruce Ville,Cavite,9,Rented,Self-Employed,6600,18780.61,Investments,35917.3,19198.92,25,0,28783.54,0,20,Premium Plan,Low,23352.61,6565.23,44,Personal,467227.14,6
APP-20250227-2988,2/27/2025,James,S.,Henderson,9727889579,steven17@example.net,Widowed,4,Brent Ville,Camarines Sur,14,Rented,Unemployed,,59246.39,Business Income,,,,,,,,,,8237.92,2324.5,18,Education,275356.53,8
APP-20250802-9849,8/2/2025,Melinda,G.,Tucker,9122362316,michellebarrera@example.org,Widowed,2,Aaron Ville,Rizal,17,Others,Unemployed,18555,168249.32,Investments,14930.63,19499.33,26,2,47137.08,2,15,None,Medium,,,,Medical,33879.7,8
APP-20250803-7624,8/3/2025,Kristen,J.,Horton,9272980699,smoore@example.org,Single,0,Beth Ville,Biliran,20,Others,Self-Employed,,44528.52,Remittances,,,,,,,,,,13640.98,10125.02,24,Home Renovation,753249.77,12
APP-20250114-5133,1/14/2025,Breanna,W.,Farrell,9170805310,brianromero@example.org,Single,1,Brooke Ville,Samar,6,Owned,Self-Employed,13272,99976.6,Salary,30362.37,37396.28,7,1,8389.46,0,,,,17360.54,27866.62,36,Medical,399671.17,6
APP-20250128-2245,1/28/2025,Pamela,J.,Wheeler,9931491905,barnesbrandy@example.net,Widowed,5,Sarah Ville,Biliran,11,Owned,Freelancer,32528,166242.87,Salary,,,,,,,,,,,,,Education,438309.71,8
APP-20250225-9817,2/25/2025,Randy,E.,Evans,9776945314,sarah10@example.com,Widowed,1,Charles Ville,Davao Oriental,24,Others,Unemployed,,15453,Remittances,17016.94,44016,44,3,39891.62,2,16,None,Low,21602.24,14657.34,48,Education,692156.29,12
APP-20250303-8342,3/3/2025,Sarah,N.,Suarez,9014363495,justin78@example.net,Widowed,4,Cheryl Ville,Misamis Oriental,16,Living with Relatives,Unemployed,,76844,Investments,,,,,,,,,,,,,Education,125052.61,6
APP-20250311-6169,3/11/2025,Elizabeth,S.,Taylor,9182337498,prestonjulia@example.org,Separated,0,Juan Ville,Cebu,26,Rented,Freelancer,28650,44093.89,Salary,34870.87,6313.97,48,1,27667.95,1,27,None,High,,,,Medical,481320.64,8
APP-20250217-4020,2/17/2025,Cynthia,J.,Freeman,9047116719,davisrodney@example.com,Single,1,Adam Ville,Rizal,4,Living with Relatives,Salaried,12762,116033.88,Investments,14867.66,29426.26,27,4,45425.22,2,19,Premium Plan,Low,18765.45,7939.38,5,Education,243665.85,4
APP-20250207-3564,2/7/2025,Scott,J.,Hoffman,9067974034,jonesnicole@example.org,Separated,5,Mary Ville,Agusan del Sur,27,Others,Salaried,22337,159687.33,Business Income,,,,,,,17,None,High,27252.34,24798.93,4,Business Expansion,170093.18,8
APP-20250130-5728,1/30/2025,Kyle,R.,Flynn,9717464887,nolanjason@example.org,Widowed,0,Michael Ville,Zamboanga del Sur,19,Owned,Unemployed,,124705.59,Salary,28812.35,38155.45,11,2,41071.06,1,,,,,,,Education,996960.75,12
APP-20250623-9056,6/23/2025,Sara,J.,Martin,9175655125,nicolejohnson@example.net,Widowed,5,Kimberly Ville,Quezon,15,Living with Relatives,Unemployed,34807,26731.36,Remittances,,,,,,,24,Basic Plan,High,19729.81,16277.81,26,Business Expansion,191644.63,8
APP-20250303-9167,3/3/2025,Kristin,D.,Brennan,9703482477,dwalker@example.com,Single,0,Lori Ville,Palawan,20,Rented,Self-Employed,,114659.41,Investments,32385.48,7698.56,45,0,47353.04,0,,,,,,,Medical,980343.41,6
APP-20250106-8483,1/6/2025,James,M.,Lin,9826398214,michael86@example.net,Widowed,2,Sheila Ville,Rizal,29,Living with Relatives,Salaried,,147949.69,Investments,27595.87,27171.5,29,1,17256.2,1,22,None,High,,,,Education,856732.91,12
APP-20250211-1715,2/11/2025,Sydney,J.,Rodriguez,9576627028,yreed@example.com,Separated,0,Catherine Ville,Negros Oriental,27,Others,Salaried,,12916.04,Business Income,,,,,,,2,Basic Plan,Medium,,,,Personal,694241.08,4
APP-20250727-6383,7/27/2025,James,B.,Graham,9865780913,michaeljones@example.net,Separated,1,Cindy Ville,Aklan,23,Owned,Unemployed,46533,143739.26,Salary,,,,,,,22,Basic Plan,Low,9731.24,1683.58,22,Home Renovation,433533.35,6
APP-20250428-9702,4/28/2025,Elizabeth,M.,Terry,9692221969,jamesortega@example.com,Married,3,Christina Ville,Samar,29,Rented,Self-Employed,,131201.88,Investments,,,,,,,28,Basic Plan,Medium,2215.86,28357.07,37,Home Renovation,640744.01,12
APP-20250507-5097,5/7/2025,Aaron,J.,Jordan,9743671369,steven73@example.net,Separated,4,Laura Ville,Camarines Norte,9,Living with Relatives,Salaried,,62151.27,Salary,,,,,,,,,,18211.95,10569.63,40,Education,622786.71,6
APP-20250307-2591,3/7/2025,Elizabeth,C.,Davis,9047095214,emilywalker@example.org,Separated,5,Andrew Ville,Cotabato,13,Rented,Self-Employed,40350,176527.51,Remittances,,,,,,,8,Basic Plan,Medium,,,,Business Expansion,470989.73,4
APP-20250522-3306,5/22/2025,Kayla,S.,Mercado,9368516048,jennifercruz@example.com,Single,3,Dylan Ville,Cavite,11,Living with Relatives,Unemployed,,30585.76,Business Income,,,,,,,19,Premium Plan,Medium,19429.57,19062.12,29,Home Renovation,650993.25,4
APP-20250629-3290,6/29/2025,Jeffery,L.,Dominguez,9004711382,pwilliams@example.org,Widowed,3,Dennis Ville,Lanao del Sur,11,Others,Self-Employed,,134435.16,Investments,,,,,,,,,,20708.42,6518.09,28,Education,856172.94,4
APP-20250817-7018,8/17/2025,Caitlin,S.,Vance,9850643171,jrivas@example.com,Married,5,Julia Ville,Bukidnon,20,Owned,Salaried,,56278.09,Business Income,43484.77,16427.98,9,0,10797.57,0,,,,29625.82,16206.46,11,Business Expansion,662752.35,4
APP-20250301-3159,3/1/2025,John,D.,Cannon,9053950240,rsims@example.com,Married,5,Jennifer Ville,Romblon,13,Owned,Salaried,,95172.29,Remittances,2168.25,39161.35,42,4,47270.78,4,,,,,,,Business Expansion,65521.28,12
APP-20250319-7580,3/19/2025,Patricia,C.,Hernandez,9617711592,tbenson@example.org,Single,1,Robert Ville,Misamis Occidental,8,Living with Relatives,Unemployed,,96205.93,Investments,11424.68,16946.58,29,0,22577.75,0,,,,9376.45,9375.71,16,Home Renovation,953824.56,12
APP-20250418-2099,4/18/2025,Bryan,M.,Price,9111615280,gateskathy@example.com,Separated,5,Adam Ville,Aklan,3,Others,Freelancer,,174937.51,Salary,,,,,,,,,,,,,Business Expansion,580028.93,6
APP-20250624-3535,6/24/2025,Melissa,S.,Barnes,9731585149,tracynelson@example.com,Married,3,Paul Ville,Marinduque,27,Owned,Freelancer,16823,61921.37,Remittances,,,,,,,,,,5442.17,4297.54,42,Medical,74237.49,4
APP-20250714-2503,7/14/2025,Samantha,T.,Ferguson,9836675254,qvargas@example.org,Separated,4,Dawn Ville,Compostela Valley,19,Owned,Salaried,15316,153342.82,Salary,30353.8,20709.19,13,6,21200.74,6,11,Basic Plan,Low,,,,Personal,489199.59,8
APP-20250211-1744,2/11/2025,Jorge,M.,Gibson,9369003432,kathleen64@example.com,Separated,2,Mary Ville,Apayao,10,Owned,Salaried,,151932.68,Business Income,41667.71,40310.01,4,0,25013.12,0,13,None,Medium,25863.3,17272.77,36,Medical,710951.47,12
APP-20250623-5743,6/23/2025,Brett,S.,Walker,9160529751,harringtondenise@example.org,Widowed,0,James Ville,Zamboanga del Sur,7,Others,Unemployed,30936,175399.64,Remittances,5701.33,25497.6,49,1,25524.16,1,,,,7088.07,4393.33,12,Education,604386.99,4
APP-20250205-3902,2/5/2025,David,E.,Elliott,9779979955,stevenscott@example.com,Married,3,Catherine Ville,Laguna,2,Others,Unemployed,,161302.64,Salary,,,,,,,9,Basic Plan,Medium,1706.7,24950.9,4,Business Expansion,616933.35,12
APP-20250811-8581,8/11/2025,Daniel,A.,Collins,9980793597,tsanders@example.org,Married,0,Brittany Ville,Cavite,14,Owned,Freelancer,38066,132764.15,Salary,7937.31,18642.6,18,2,26137.4,1,,,,,,,Personal,57103.69,8
APP-20250611-2079,6/11/2025,Kevin,G.,Trujillo,9518644925,reedross@example.com,Single,4,William Ville,Albay,21,Rented,Freelancer,,193862.34,Investments,39583.1,40659.24,42,2,18833.97,2,20,Premium Plan,Medium,,,,Business Expansion,365784.68,6
APP-20250716-4509,7/16/2025,Lynn,D.,Yu,9573322141,bzimmerman@example.org,Single,5,Christina Ville,Compostela Valley,10,Rented,Unemployed,15633,44360.73,Business Income,,,,,,,13,Basic Plan,High,29087.66,18317.86,48,Medical,237832.93,6
APP-20250411-6070,4/11/2025,Jessica,J.,Christian,9735977468,ramirezshannon@example.com,Widowed,1,Matthew Ville,Bohol,26,Rented,Self-Employed,,19914.16,Investments,,,,,,,22,Premium Plan,Low,,,,Business Expansion,764301.25,8
APP-20250212-8361,2/12/2025,Jason,L.,Peterson,9826137506,angela83@example.org,Single,3,Jennifer Ville,Sarangani,16,Living with Relatives,Self-Employed,,198959.82,Remittances,32498.03,39569.03,8,0,41958.81,0,,,,,,,Education,760046.95,12
APP-20250625-8349,6/25/2025,Hannah,D.,Henry,9901043289,davisjeffrey@example.net,Widowed,0,Kevin Ville,Cotabato,24,Living with Relatives,Self-Employed,,33151.19,Business Income,,,,,,,,,,3325.74,27154.41,38,Personal,21353.18,6
APP-20250508-3352,5/8/2025,Maurice,W.,Pierce,9460953962,jacqueline44@example.com,Single,4,David Ville,Biliran,11,Owned,Salaried,,175932.97,Salary,,,,,,,,,,,,,Business Expansion,360308.41,4
APP-20250128-6649,1/28/2025,Amanda,K.,Lopez,9319520585,joannahill@example.net,Married,5,Tina Ville,Zambales,14,Others,Self-Employed,9135,146048.56,Investments,44289.52,15779.79,19,1,39555.46,1,,,,,,,Business Expansion,754524.46,6
APP-20250222-5687,2/22/2025,Harry,A.,Ferguson,9505415667,brandon08@example.com,Widowed,2,Dana Ville,Cavite,5,Others,Unemployed,,185618.99,Remittances,41117.06,27273.72,20,3,30122.66,0,10,Premium Plan,Medium,,,,Medical,604608.52,12
APP-20250721-3730,7/21/2025,Audrey,T.,Alexander,9757059640,tammyking@example.com,Single,5,Lynn Ville,Davao del Sur,20,Others,Freelancer,7040,37128.1,Investments,18316.42,19142.72,36,3,38925.77,0,21,Basic Plan,Medium,,,,Medical,764269.05,6
APP-20250118-9674,1/18/2025,Crystal,B.,Hernandez,9565431027,christopher31@example.net,Widowed,4,Catherine Ville,Lanao del Norte,3,Living with Relatives,Freelancer,,50768.38,Remittances,,,,,,,3,None,Low,,,,Education,899185.64,12
APP-20250329-2438,3/29/2025,Rebekah,K.,Chapman,9551884422,ntorres@example.org,Separated,4,Stacey Ville,Zamboanga Sibugay,7,Owned,Self-Employed,20514,160170.88,Salary,,,,,,,,,,,,,Personal,134122.37,4
APP-20250218-2077,2/18/2025,Donna,E.,Thompson,9467866912,moorericky@example.net,Separated,5,Kelly Ville,Tarlac,2,Others,Unemployed,,34383.58,Business Income,25905.11,15206.23,10,3,41569.54,2,11,Premium Plan,Medium,7518.16,19051.71,35,Home Renovation,129544.44,8
APP-20250613-9740,6/13/2025,Jacqueline,S.,Mcdaniel,9182992299,kristin93@example.com,Separated,4,Amy Ville,Romblon,1,Owned,Salaried,47038,156494.25,Remittances,27278.87,32095.36,19,0,44449.84,0,25,Premium Plan,Medium,,,,Medical,77608.16,4
APP-20250710-3589,7/10/2025,Charles,G.,Parker,9767735925,scott74@example.net,Separated,5,Sherri Ville,Basilan,27,Living with Relatives,Unemployed,29283,107846.23,Salary,,,,,,,14,None,Medium,,,,Education,145173.25,4
APP-20250119-5754,1/19/2025,Bill,R.,Morris,9696325953,anthony39@example.net,Married,3,Yvonne Ville,Sultan Kudarat,16,Others,Unemployed,,104500.35,Salary,,,,,,,,,,6454.33,10586.85,3,Home Renovation,497419.73,12
APP-20250110-5681,1/10/2025,Katelyn,T.,Pearson,9801624565,howard96@example.net,Single,3,Tanya Ville,Eastern Samar,1,Rented,Freelancer,,23971.03,Investments,,,,,,,4,None,Medium,,,,Home Renovation,560042.68,8
APP-20250405-3363,4/5/2025,Manuel,D.,Martin,9398680002,ssteele@example.net,Separated,3,Lisa Ville,Camiguin,16,Others,Self-Employed,26493,186960.06,Remittances,41414.47,26616.99,45,2,16818.67,2,,,,,,,Business Expansion,371516.02,4
APP-20250121-7824,1/21/2025,Johnny,D.,Barton,9940974993,sandovalamy@example.com,Single,4,Jacob Ville,Zamboanga del Sur,15,Rented,Unemployed,49612,56017.35,Salary,20648.01,10194.58,32,3,20939.01,3,22,None,High,16826.6,29943.69,30,Personal,379940.65,6
APP-20250624-8531,6/24/2025,Colleen,K.,Harris,9858549733,sarakim@example.net,Separated,4,David Ville,Laguna,9,Rented,Freelancer,,143931.18,Investments,,,,,,,,,,,,,Personal,934031.87,8
APP-20250313-5715,3/13/2025,Alexander,R.,Walker,9198665240,murraydavid@example.org,Separated,5,Sarah Ville,Dinagat Islands,2,Living with Relatives,Unemployed,,151994.31,Business Income,6863.65,30783.85,37,3,34808.57,1,1,Premium Plan,High,19138.34,1574.73,26,Home Renovation,718771.27,4
APP-20250612-3252,6/12/2025,Robert,T.,Kennedy,9082677345,yarnold@example.org,Separated,5,Michelle Ville,Southern Leyte,1,Owned,Self-Employed,16473,89398.15,Business Income,48106.57,46301.98,2,3,46830.44,0,,,,27853.65,10051.26,29,Personal,526696.94,6
APP-20250320-9261,3/20/2025,Kristin,J.,Smith,9743152742,mary97@example.org,Single,5,Amanda Ville,Capiz,10,Living with Relatives,Self-Employed,45039,172667.84,Investments,,,,,,,,,,12025,2861.55,8,Medical,326983.66,6
APP-20250508-1111,5/8/2025,Amy,S.,Morris,9463745499,tinaallen@example.com,Single,2,Melissa Ville,Batanes,20,Living with Relatives,Self-Employed,48764,32462.72,Remittances,31935.57,47031.78,23,0,34514.52,0,30,None,Medium,13649.36,29665.14,23,Medical,703431.02,12
APP-20250315-9806,3/15/2025,Thomas,R.,James,9339187851,tylerjohnson@example.net,Single,0,Molly Ville,Catanduanes,26,Rented,Self-Employed,26503,172352.34,Investments,22274.13,2781.79,8,1,44944.47,1,,,,16763.92,20183.03,19,Business Expansion,398968.97,4
APP-20250502-4570,5/2/2025,Stephen,J.,Ortiz,9910651801,charlesharrington@example.com,Widowed,0,Cindy Ville,Camarines Norte,9,Others,Self-Employed,47042,195883.32,Investments,,,,,,,,,,,,,Medical,378767.31,6
APP-20250716-6697,7/16/2025,Melissa,M.,James,9128682300,courtney78@example.org,Separated,3,Jimmy Ville,Pampanga,21,Others,Unemployed,21220,97518.8,Business Income,,,,,,,29,Premium Plan,Low,24284.35,12577.22,49,Business Expansion,244462.96,4
APP-20250622-2653,6/22/2025,Ryan,C.,Schultz,9907903067,wallaceheather@example.org,Married,4,Mark Ville,Zambales,6,Owned,Self-Employed,,54490.69,Remittances,,,,,,,9,None,High,12406.81,8254.62,35,Personal,880315.32,6
APP-20250324-7999,3/24/2025,Ryan,J.,Jenkins,9870568566,georgemiller@example.com,Married,2,Tyler Ville,Pampanga,12,Rented,Unemployed,19768,67139.92,Business Income,,,,,,,17,Basic Plan,Medium,11652.57,7649.87,21,Business Expansion,922614.97,8
APP-20250417-2514,4/17/2025,Jonathan,J.,Smith,9830469901,rsantana@example.net,Married,4,Charles Ville,Surigao del Norte,23,Rented,Unemployed,26821,67605.72,Salary,34781.31,35188.43,25,3,45722.06,1,,,,,,,Medical,468919.21,8
APP-20250311-6053,3/11/2025,Suzanne,H.,Bryant,9458771753,james67@example.org,Separated,2,Patrick Ville,Sultan Kudarat,13,Owned,Self-Employed,6062,59547.08,Investments,,,,,,,6,Basic Plan,Low,,,,Personal,834195.9,12
APP-20250310-6530,3/10/2025,Holly,A.,Greer,9477725228,khill@example.net,Widowed,1,Renee Ville,Tarlac,29,Owned,Salaried,48792,19217.73,Salary,,,,,,,26,Premium Plan,Low,21215.09,274.24,32,Medical,376334.69,12
APP-20250629-8993,6/29/2025,Jerry,L.,Robinson,9008860084,christinebyrd@example.net,Separated,0,Courtney Ville,Antique,16,Others,Self-Employed,11312,109633.23,Business Income,19844.82,18652.58,25,2,13366.24,1,22,None,Medium,19612.07,25746.57,48,Business Expansion,98033,12
APP-20250702-7179,7/2/2025,Arthur,M.,Anderson,9870021765,mark62@example.org,Single,4,Kristin Ville,Lanao del Sur,29,Owned,Self-Employed,42144,100345.05,Salary,8967.73,42521.38,1,3,32905.46,1,24,Premium Plan,Medium,8978.31,16918.75,36,Medical,678649.79,8
APP-20250426-7288,4/26/2025,Joseph,F.,Sloan,9218501631,scoffey@example.net,Separated,4,Linda Ville,Cagayan,24,Others,Freelancer,46557,61932.14,Investments,,,,,,,11,Premium Plan,Medium,,,,Education,681296.38,12
APP-20250202-2404,2/2/2025,Tammy,M.,Ramsey,9943114262,zcoffey@example.net,Widowed,2,Christopher Ville,Albay,11,Owned,Salaried,25202,94499.81,Remittances,27849.25,25622.04,6,2,21548.98,0,11,Premium Plan,Low,,,,Medical,17278.91,12
APP-20250303-7353,3/3/2025,David,M.,Curry,9183982622,brenda51@example.net,Separated,2,Thomas Ville,Zamboanga del Norte,8,Others,Self-Employed,15958,92588.49,Investments,,,,,,,,,,10833.75,28326.67,46,Medical,595837.37,6
APP-20250221-8501,2/21/2025,Bryan,M.,Blankenship,9124065965,debra12@example.org,Widowed,2,Kevin Ville,Ifugao,13,Rented,Freelancer,,124610.14,Business Income,,,,,,,,,,28937.24,29061.76,18,Medical,967924.27,6
APP-20250123-6339,1/23/2025,Paige,D.,Chavez,9646519398,umatthews@example.org,Married,5,Diana Ville,Zamboanga del Norte,24,Owned,Unemployed,33734,161560.25,Salary,,,,,,,,,,19000.08,7260.64,42,Education,716660.21,12
APP-20250405-2211,4/5/2025,Stephanie,A.,Wood,9797968868,pwallace@example.com,Single,2,Tina Ville,Misamis Occidental,22,Owned,Salaried,48096,136291.84,Business Income,4930.33,11100.05,47,4,5297.23,4,14,Basic Plan,Medium,,,,Personal,691985.12,6
APP-20250728-6651,7/28/2025,Deanna,B.,Hill,9071461125,rushmadison@example.org,Separated,2,Darlene Ville,Batangas,14,Rented,Unemployed,,100470.88,Investments,,,,,,,,,,9007.92,24305.58,7,Business Expansion,849934.11,4
APP-20250701-3692,7/1/2025,John,D.,Cunningham,9382825867,gallegosangela@example.net,Married,3,Lisa Ville,Capiz,20,Rented,Self-Employed,,85160.65,Business Income,,,,,,,,,,,,,Business Expansion,706211.94,6
APP-20250628-5560,6/28/2025,Kristina,C.,Ramirez,9191825537,vanessafernandez@example.org,Single,2,Donna Ville,Ilocos Sur,21,Others,Freelancer,,126148.6,Salary,,,,,,,,,,,,,Personal,176664.88,8
APP-20250104-2388,1/4/2025,Kristy,J.,Morris,9251341252,josephmartinez@example.com,Widowed,3,Julie Ville,Bukidnon,19,Rented,Unemployed,,45293.2,Business Income,42099.26,30970.5,22,0,9354.93,0,,,,5853.85,11518.33,35,Personal,654804.41,12
APP-20250629-9056,6/29/2025,William,D.,Gordon,9677219034,acostaregina@example.net,Single,2,Stephen Ville,Benguet,7,Living with Relatives,Self-Employed,,117473.59,Investments,18343.09,41130.55,2,0,41164.14,0,13,None,High,8931.27,29979.38,28,Home Renovation,351834.09,4
APP-20250819-8193,8/19/2025,Melanie,R.,Rodriguez,9133959629,fjones@example.com,Married,1,Cameron Ville,Zamboanga del Sur,26,Rented,Salaried,,111133.35,Business Income,,,,,,,,,,,,,Personal,271006.35,4
APP-20250527-3221,5/27/2025,Amy,M.,Vang,9604223253,shawn96@example.org,Widowed,3,Melissa Ville,Agusan del Sur,4,Living with Relatives,Unemployed,,95878.43,Salary,,,,,,,,,,,,,Medical,950502.81,8
APP-20250415-1040,4/15/2025,Jeremy,M.,Chavez,9175186363,ublair@example.com,Widowed,2,Elizabeth Ville,La Union,10,Living with Relatives,Freelancer,42102,171960.29,Remittances,22979.09,6211.86,10,2,39194.49,1,,,,29755.15,12833.98,44,Education,882737.03,8
APP-20250608-3604,6/8/2025,Thomas,C.,Miller,9415415206,vdavis@example.com,Separated,5,Angela Ville,Ilocos Norte,22,Rented,Unemployed,11237,10206.4,Investments,464.35,34779.86,7,4,33999.14,3,15,None,Low,,,,Business Expansion,732109.56,4
APP-20250405-2690,4/5/2025,Morgan,S.,Henderson,9554262218,schmittcaroline@example.com,Single,4,Becky Ville,La Union,20,Rented,Unemployed,,147262.09,Business Income,,,,,,,,,,2600.64,3013.95,48,Business Expansion,591626.05,12
APP-20250601-6759,6/1/2025,Jeffrey,D.,Bruce,9652341389,danny49@example.org,Separated,5,Megan Ville,Tawi-Tawi,0,Living with Relatives,Self-Employed,30673,66152.99,Salary,31904.12,3550.6,0,1,12054.09,1,,,,11605.15,25169.2,26,Home Renovation,548624.44,6
APP-20250803-8717,8/3/2025,Maria,J.,White,9109104300,sandra50@example.org,Widowed,4,Ashley Ville,Bulacan,9,Others,Unemployed,,25661.28,Business Income,,,,,,,9,None,High,29229.4,4661.31,20,Medical,588504.98,4
APP-20250202-6081,2/2/2025,Cynthia,A.,Reese,9630316179,nicholaschavez@example.org,Single,2,Larry Ville,South Cotabato,21,Rented,Salaried,13992,143284.93,Business Income,,,,,,,,,,,,,Education,375010.08,8
APP-20250518-2934,5/18/2025,Nicole,E.,Webster,9056481491,craigjoseph@example.net,Widowed,3,Todd Ville,Southern Leyte,16,Living with Relatives,Salaried,,173278.36,Business Income,,,,,,,8,None,High,6852.13,15264.75,2,Business Expansion,248328.69,12
APP-20250305-6963,3/5/2025,Kari,D.,Jordan,9622086353,erika97@example.net,Widowed,5,Brandon Ville,Surigao del Sur,10,Living with Relatives,Salaried,,32686.18,Salary,3446.32,23254.71,18,2,47703.97,1,,,,16592.74,239.08,12,Home Renovation,565987.71,8
APP-20250113-4974,1/13/2025,James,S.,Saunders,9759738320,keith10@example.com,Widowed,0,Gregory Ville,Maguindanao,7,Living with Relatives,Salaried,,10277.79,Investments,,,,,,,6,Premium Plan,Low,,,,Medical,961379.14,6
APP-20250612-5584,6/12/2025,Vincent,M.,Drake,9103865719,sandersjudy@example.com,Single,4,Steve Ville,Biliran,4,Others,Salaried,33507,135864.35,Business Income,19647.63,41594.99,20,2,46302.1,1,,,,,,,Education,79314,6
APP-20250514-3230,5/14/2025,Ashley,J.,Butler,9912127756,sullivantammy@example.org,Single,4,Marilyn Ville,Camarines Sur,11,Rented,Unemployed,,98035.85,Salary,10751.04,42828.66,9,5,30165.12,0,30,Basic Plan,Medium,20315.5,7805,11,Business Expansion,952336.12,12
APP-20250411-5093,4/11/2025,Daniel,R.,Morales,9171210032,fosterkyle@example.com,Married,3,Mason Ville,Cagayan,11,Owned,Freelancer,6428,199460.67,Business Income,,,,,,,2,Basic Plan,Low,28268.42,1519.13,36,Medical,822576.97,12
APP-20250428-9128,4/28/2025,Daniel,W.,Bullock,9066253244,michael23@example.org,Widowed,1,Jonathan Ville,Tawi-Tawi,1,Rented,Freelancer,,88278.52,Investments,9972.89,44232.63,33,0,6861.8,0,12,Premium Plan,Medium,,,,Personal,782527.93,8
APP-20250205-9231,2/5/2025,Katherine,C.,Bean,9564205930,kmarshall@example.net,Separated,0,Erin Ville,Zamboanga Sibugay,25,Others,Freelancer,15461,29025.52,Business Income,,,,,,,24,None,High,,,,Home Renovation,935530,6
APP-20250315-3885,3/15/2025,Scott,T.,Welch,9395590599,brittany58@example.org,Married,4,Steven Ville,Benguet,30,Rented,Unemployed,,43355.79,Salary,26322.43,34.17,39,1,10940.45,0,10,Premium Plan,Low,,,,Business Expansion,26803.33,6
APP-20250327-2817,3/27/2025,Justin,D.,Madden,9851569154,gilbertwilliam@example.com,Separated,1,Shannon Ville,Bohol,5,Others,Unemployed,,43098.51,Remittances,14725.86,8885.41,0,3,36699.75,3,5,Premium Plan,Medium,19189.4,3123.31,31,Education,334512.58,4
APP-20250520-4899,5/20/2025,Walter,S.,Hayes,9552157043,toni18@example.net,Married,5,Benjamin Ville,Basilan,2,Living with Relatives,Freelancer,5083,19148.02,Investments,,,,,,,28,Basic Plan,Medium,,,,Home Renovation,548293.85,4
APP-20250502-8855,5/2/2025,Chelsea,M.,Hardin,9932710405,vortiz@example.net,Separated,0,Kristina Ville,Bulacan,2,Living with Relatives,Self-Employed,,40571.85,Salary,32681.76,30365.88,27,0,21566.17,0,3,Basic Plan,Low,12278.4,16623.37,46,Personal,268938.45,8
APP-20250318-5872,3/18/2025,Angela,P.,King,9310698720,mathewaguilar@example.org,Separated,0,Kyle Ville,Ilocos Sur,13,Owned,Freelancer,,47938.21,Salary,5775.45,39243.83,30,1,23678.53,1,,,,19255.99,11625.81,23,Medical,372554.66,12
APP-20250518-1731,5/18/2025,Sharon,K.,Bennett,9477434902,lisa81@example.net,Single,0,William Ville,Iloilo,21,Living with Relatives,Unemployed,41280,21586.91,Investments,,,,,,,,,,14287.87,2368.65,45,Business Expansion,504590.96,6
APP-20250313-2970,3/13/2025,Stephanie,M.,Miranda,9722332061,jeremytaylor@example.org,Widowed,1,Megan Ville,Davao Oriental,26,Rented,Freelancer,,183052.85,Salary,13810.04,22907.86,0,2,16306.34,2,,,,12433.27,4445.99,37,Personal,759585.5,4
APP-20250628-2730,6/28/2025,Mary,N.,Johnson,9914856467,nancy92@example.net,Widowed,0,Eric Ville,Zamboanga del Sur,5,Living with Relatives,Unemployed,45517,125644.5,Investments,37287.49,46041.75,23,0,11878.96,0,,,,,,,Home Renovation,283944.92,12
APP-20250706-2609,7/6/2025,Gabriel,S.,Jenkins,9324754691,tarabishop@example.net,Married,3,Jesus Ville,Antique,6,Others,Unemployed,,165993.3,Business Income,42564.77,43966.63,1,2,6782.49,0,28,None,Low,992.13,1516.78,23,Education,277607.61,12
APP-20250812-9275,8/12/2025,Kristen,R.,Lee,9610357972,smurray@example.com,Widowed,4,Tammy Ville,Tawi-Tawi,17,Living with Relatives,Freelancer,21951,152302.62,Salary,,,,,,,12,None,Low,25713.34,19421.4,43,Education,272738.16,12
APP-20250201-9409,2/1/2025,John,D.,Sawyer,9007229034,dawsonzachary@example.org,Separated,5,Christopher Ville,Romblon,30,Living with Relatives,Unemployed,,171801.37,Investments,,,,,,,14,Basic Plan,High,,,,Personal,106800.54,8
APP-20250414-5631,4/14/2025,William,M.,Davis,9417154544,lisawilkerson@example.org,Separated,1,Brian Ville,Pangasinan,4,Rented,Salaried,,135500.76,Business Income,20229.94,36836.6,37,3,45345.58,1,,,,20589.54,19149.41,30,Home Renovation,509778.28,6
APP-20250331-3967,3/31/2025,Christopher,J.,Flores,9417248251,combsdebra@example.org,Married,2,Benjamin Ville,Isabela,7,Living with Relatives,Unemployed,,80619.66,Remittances,,,,,,,15,None,High,14166.59,5836.31,7,Medical,532189.31,12
APP-20250625-1885,6/25/2025,Taylor,C.,Bullock,9223569725,scottmary@example.net,Married,0,Daniel Ville,Pangasinan,15,Living with Relatives,Self-Employed,,130554.8,Salary,,,,,,,,,,22835.8,5058.17,48,Education,492129.21,4
APP-20250311-3120,3/11/2025,Brandon,R.,Bauer,9966667600,fbrown@example.net,Married,5,Crystal Ville,Kalinga,11,Owned,Freelancer,6174,138582.15,Business Income,25166.82,15305.75,4,4,5135.41,0,,,,,,,Medical,729192.75,8
APP-20250309-8105,3/9/2025,Aaron,M.,Duncan,9257532603,elizabethmiller@example.com,Married,5,Stephanie Ville,Negros Oriental,4,Rented,Salaried,13071,79652.38,Salary,,,,,,,,,,17817.72,1438.81,6,Business Expansion,52993.88,4
APP-20250721-7828,7/21/2025,Bradley,P.,Brooks,9761847230,kellycarlos@example.org,Separated,3,Kelsey Ville,Isabela,21,Owned,Freelancer,32448,167824.02,Salary,30450.09,38897.95,33,3,24886.95,1,,,,,,,Home Renovation,164571.73,12
APP-20250111-4402,1/11/2025,Amy,L.,Thompson,9753001197,epollard@example.net,Married,0,Lisa Ville,Camiguin,24,Owned,Salaried,,132423.99,Investments,,,,,,,,,,,,,Business Expansion,104309.87,6
APP-20250109-1646,1/9/2025,James,K.,Blackwell,9455611002,sarah86@example.net,Married,2,Jon Ville,Tarlac,11,Others,Freelancer,29420,164843.22,Business Income,19285.77,42533.58,26,1,13591.65,0,4,Premium Plan,High,29447.08,25330.5,6,Medical,911670.63,12
APP-20250324-8178,3/24/2025,Kimberly,M.,Rivera,9296590277,lloydsamuel@example.com,Single,3,Patricia Ville,Cebu,14,Owned,Salaried,,134444.98,Salary,30911.95,21642.4,46,6,34412.08,1,,,,,,,Medical,152911.18,4
APP-20250813-1190,8/13/2025,Tyler,T.,Glass,9287721753,laurie61@example.com,Separated,2,Amy Ville,Cavite,1,Rented,Unemployed,,165249.63,Salary,,,,,,,,,,,,,Business Expansion,857306.28,12
APP-20250119-6178,1/19/2025,Donna,K.,Morrison,9170166088,cjackson@example.com,Single,0,Bobby Ville,Zamboanga del Norte,25,Living with Relatives,Self-Employed,,190567.47,Remittances,30987.9,23656.68,42,5,28007.54,2,,,,2923.11,19767.31,0,Home Renovation,358363.28,8
APP-20250819-9973,8/19/2025,Joshua,T.,Gould,9851027261,lambertrichard@example.net,Separated,4,Stephanie Ville,Tawi-Tawi,6,Rented,Salaried,,50962.01,Business Income,,,,,,,24,Basic Plan,Low,23164.36,13515.14,42,Personal,956409.37,6
APP-20250606-9172,6/6/2025,Samuel,D.,Young,9080869782,michael90@example.net,Married,5,Erika Ville,Leyte,26,Rented,Salaried,,134929.14,Remittances,,,,,,,,,,8207.88,28907.81,18,Medical,805772.85,6
APP-20250413-7762,4/13/2025,Chase,D.,Richardson,9984858333,debra31@example.org,Separated,5,Victor Ville,Sarangani,11,Rented,Self-Employed,,144967.02,Remittances,,,,,,,,,,,,,Medical,809263.26,4
APP-20250128-1414,1/28/2025,Kimberly,J.,Lewis,9620034244,heather73@example.org,Married,0,Melissa Ville,Masbate,22,Living with Relatives,Self-Employed,28506,164664.98,Salary,39941.09,14381.93,42,1,39215.36,0,,,,,,,Medical,956918.46,8
APP-20250727-1881,7/27/2025,Sean,C.,Fleming,9043973598,elizabeth18@example.net,Married,5,Patricia Ville,Masbate,30,Rented,Freelancer,,43710.92,Salary,21425.39,27829.93,8,1,18859.91,0,,,,9916.88,21290.68,9,Business Expansion,157934.87,8
APP-20250703-1833,7/3/2025,William,D.,Harris,9947985158,joelsnyder@example.com,Married,1,Tanner Ville,Zamboanga del Norte,16,Owned,Self-Employed,,113185.23,Investments,16553.33,14678.72,48,0,33166.72,0,3,Premium Plan,Medium,,,,Education,904973.98,6
APP-20250724-1653,7/24/2025,Cameron,R.,Love,9561648408,xfox@example.com,Separated,4,David Ville,Cagayan,25,Others,Unemployed,24427,180673.51,Business Income,,,,,,,30,None,Low,18807.99,6323.44,40,Education,865626.1,12
APP-20250414-2702,4/14/2025,Erin,M.,Humphrey,9386120750,katrinaanderson@example.net,Single,0,Marie Ville,Aklan,1,Rented,Freelancer,42680,166107.67,Remittances,,,,,,,,,,,,,Medical,435859.91,4
APP-20250208-7381,2/8/2025,Marcus,J.,Reed,9180919015,meghan43@example.net,Single,2,David Ville,Zamboanga del Norte,25,Living with Relatives,Salaried,,155402.11,Investments,,,,,,,,,,14219.63,16004.03,8,Medical,797786.58,8
APP-20250504-3360,5/4/2025,Wayne,G.,David,9450882100,georgeweber@example.net,Widowed,4,Megan Ville,Aurora,17,Owned,Freelancer,27534,50230.02,Business Income,9716.31,9067.9,36,1,41737.42,0,,,,8719.58,2020.88,6,Education,726961.31,12
APP-20250119-6420,1/19/2025,Stacy,K.,Baker,9523149135,katiebutler@example.net,Widowed,3,Tyler Ville,Aklan,10,Living with Relatives,Self-Employed,,163462.96,Investments,35609.96,32041.93,17,2,39283.01,1,21,Premium Plan,Medium,,,,Medical,448131.18,8
APP-20250422-8978,4/22/2025,Linda,G.,Evans,9812914283,barkereric@example.com,Separated,5,Steven Ville,Tawi-Tawi,28,Owned,Salaried,38238,130009.03,Investments,26983.86,32695.41,9,3,44699.3,2,,,,26743.13,17688.02,18,Education,467377.64,4
APP-20250203-7500,2/3/2025,Michelle,L.,Travis,9580392827,theresa25@example.net,Married,1,Luis Ville,Ilocos Norte,18,Rented,Unemployed,,17679.77,Investments,33429.28,25894.26,50,1,11700.93,1,,,,,,,Medical,882144.22,4
APP-20250303-6309,3/3/2025,John,C.,Roberts,9184498926,alin@example.org,Widowed,2,Lisa Ville,Nueva Ecija,18,Owned,Freelancer,,194808.08,Business Income,,,,,,,,,,,,,Medical,793694.17,4
APP-20250626-9222,6/26/2025,Tyrone,X.,Jimenez,9272318432,tyler16@example.net,Married,1,Tammy Ville,Sulu,11,Owned,Self-Employed,,164122.8,Salary,,,,,,,,,,,,,Education,592836.94,12
APP-20250323-1367,3/23/2025,Brent,T.,Khan,9302992280,amitchell@example.org,Married,0,Dennis Ville,Iloilo,5,Living with Relatives,Self-Employed,,123877.93,Salary,,,,,,,6,Basic Plan,High,,,,Medical,174713.95,12
APP-20250626-3338,6/26/2025,Michael,R.,Hudson,9929842579,michaelroberts@example.com,Single,1,Kathy Ville,Zamboanga del Sur,12,Others,Self-Employed,6085,48446.22,Investments,29990.69,43887.63,34,1,45080.41,0,15,Premium Plan,Low,26909.07,23246.11,41,Medical,524434.01,8
APP-20250607-1711,6/7/2025,David,T.,Long,9863765991,angela52@example.org,Widowed,1,Vincent Ville,Bataan,8,Others,Self-Employed,23564,123675.55,Investments,,,,,,,0,Premium Plan,High,17339.61,3534.86,0,Medical,656273.39,8
APP-20250201-7698,2/1/2025,Mason,T.,Bryant,9512694486,markaustin@example.org,Separated,4,Vicki Ville,Surigao del Norte,8,Others,Self-Employed,,114899.94,Investments,28882.56,38709.72,25,3,49425.41,1,23,None,Medium,3008.36,15250.31,50,Home Renovation,801849.46,4
APP-20250319-3633,3/19/2025,Maria,A.,Erickson,9601279611,thomas05@example.com,Separated,1,Tina Ville,Zamboanga Sibugay,11,Owned,Salaried,,186830.15,Investments,,,,,,,30,None,High,,,,Medical,15656.85,8
APP-20250107-4190,1/7/2025,Thomas,T.,Patton,9098839205,jennifersilva@example.org,Married,5,Dylan Ville,Bataan,0,Rented,Salaried,,158137.85,Remittances,,,,,,,,,,15532.28,22107.77,4,Business Expansion,551844.69,8
APP-20250513-6693,5/13/2025,Jackie,J.,Alexander,9439376904,shernandez@example.org,Married,3,Warren Ville,Benguet,16,Owned,Salaried,,74593.52,Salary,,,,,,,,,,,,,Medical,565352.76,6
APP-20250613-6565,6/13/2025,April,A.,Bolton,9779071416,ufox@example.org,Married,5,Rhonda Ville,Misamis Occidental,22,Rented,Freelancer,,191534.68,Salary,,,,,,,9,None,Medium,,,,Business Expansion,556778.75,6
APP-20250323-8807,3/23/2025,Kelsey,J.,Schneider,9553942373,chelsea33@example.com,Married,5,Jeffrey Ville,Tarlac,7,Living with Relatives,Self-Employed,18288,168638.69,Remittances,33171.2,30691.35,48,2,33790.61,2,27,Basic Plan,Medium,,,,Medical,898630.59,8
APP-20250612-9041,6/12/2025,Hannah,T.,Castillo,9284639208,keith98@example.com,Widowed,3,Loretta Ville,Zambales,30,Owned,Freelancer,,173476.02,Business Income,,,,,,,22,Premium Plan,Medium,,,,Business Expansion,16760.88,6
APP-20250110-7216,1/10/2025,Stephanie,C.,Bradshaw,9915594284,julie33@example.net,Married,2,Sarah Ville,Isabela,15,Living with Relatives,Freelancer,37687,90549.15,Investments,,,,,,,,,,,,,Home Renovation,453475.35,6
APP-20250126-4744,1/26/2025,Joyce,J.,Williams,9143866322,danawilliams@example.com,Widowed,0,Jennifer Ville,Isabela,5,Others,Unemployed,46330,108231.33,Remittances,,,,,,,,,,,,,Personal,859209.47,4
APP-20250102-7527,1/2/2025,Andrea,S.,Russell,9120347175,mwoods@example.com,Separated,2,Justin Ville,Camarines Sur,11,Living with Relatives,Freelancer,31985,33035.12,Business Income,24374.69,36826.31,5,1,33659.64,1,,,,,,,Education,868916.36,8
APP-20250531-7911,5/31/2025,Jesse,J.,Jefferson,9996112535,gentrygregory@example.org,Separated,5,Wendy Ville,Davao Occidental,9,Living with Relatives,Unemployed,,178661.44,Remittances,,,,,,,,,,5516.59,693.03,46,Education,663712.44,4
APP-20250213-4450,2/13/2025,Kaitlyn,M.,Roberts,9261117800,smithashley@example.org,Widowed,4,Justin Ville,Isabela,24,Owned,Salaried,,127439.41,Salary,,,,,,,,,,7421.9,8525.26,40,Education,135620.73,6
APP-20250716-1468,7/16/2025,Taylor,J.,Rodriguez,9055778487,jessicawong@example.net,Married,5,Alexis Ville,Zambales,17,Rented,Unemployed,,109457.36,Remittances,,,,,,,,,,24141.23,13255.81,23,Medical,263508.01,8
APP-20250512-1172,5/12/2025,Katherine,G.,Chase,9082547807,gwilcox@example.com,Widowed,2,Richard Ville,Mountain Province,0,Others,Freelancer,5473,114160.32,Business Income,,,,,,,,,,,,,Education,167453.15,12
APP-20250815-7199,8/15/2025,Thomas,S.,Smith,9341638944,wyoung@example.com,Separated,3,Kevin Ville,Rizal,6,Owned,Self-Employed,23978,30967.71,Investments,,,,,,,,,,,,,Education,324040.5,6
APP-20250601-1813,6/1/2025,Heather,B.,Wilson,9802144270,erik84@example.net,Married,0,Danielle Ville,Leyte,4,Owned,Unemployed,27407,89846.18,Investments,,,,,,,,,,9907.46,25306.39,9,Business Expansion,270171.06,12
APP-20250522-2169,5/22/2025,Jeffrey,D.,Hernandez,9872346013,robert87@example.net,Widowed,3,Kathleen Ville,Lanao del Sur,7,Owned,Self-Employed,,149711.33,Salary,46810.76,7930.57,46,3,48060.69,0,8,Basic Plan,High,,,,Education,363624.52,4
APP-20250414-4568,4/14/2025,Jane,C.,Elliott,9136502491,poolerebecca@example.org,Widowed,1,Franklin Ville,Ifugao,0,Owned,Unemployed,29339,156451.43,Business Income,46542.44,49848.66,40,1,30932.24,0,11,Premium Plan,Low,3774.82,6980.24,35,Home Renovation,806497.75,12
APP-20250607-4161,6/7/2025,Jennifer,T.,Nolan,9065240778,dstokes@example.org,Separated,4,Stephen Ville,Sarangani,22,Others,Self-Employed,40626,76056.29,Investments,,,,,,,2,Premium Plan,Low,,,,Home Renovation,820321.46,8
APP-20250417-8439,4/17/2025,Lindsay,J.,Foster,9086209593,reesebeth@example.org,Separated,5,Melvin Ville,Misamis Occidental,2,Others,Self-Employed,,155489.48,Business Income,,,,,,,,,,,,,Home Renovation,114911.81,4
APP-20250818-1717,8/18/2025,Sarah,C.,Peck,9220317310,mitchellhector@example.org,Widowed,5,Nicholas Ville,Bukidnon,15,Living with Relatives,Salaried,,51937.33,Salary,31945.84,18046.3,47,2,23402.96,1,,,,24709.29,7974.47,2,Business Expansion,835284.22,4
APP-20250720-4537,7/20/2025,Rebecca,N.,Vega,9811386338,desireebailey@example.org,Married,4,Allison Ville,Abra,20,Rented,Unemployed,46852,119547.1,Investments,,,,,,,5,None,High,,,,Personal,340825.31,6
APP-20250624-9747,6/24/2025,Tiffany,S.,Ball,9975585566,opatel@example.org,Separated,4,Michael Ville,Nueva Ecija,7,Rented,Unemployed,,78401.62,Investments,,,,,,,,,,21789.4,29488.69,38,Business Expansion,520021.31,8
APP-20250805-1107,8/5/2025,Jessica,D.,Pacheco,9433504888,bmendez@example.org,Married,0,Carlos Ville,Bukidnon,1,Others,Freelancer,14070,60347.75,Business Income,28453.25,10871.86,4,3,28524.36,2,,,,14648.29,26970.72,44,Personal,820417.69,4
APP-20250519-5921,5/19/2025,Jacqueline,B.,Yang,9096105566,igonzales@example.org,Single,1,Donald Ville,Pampanga,23,Owned,Unemployed,24974,109632.84,Remittances,2525.99,36578.93,25,1,11039.86,1,7,Basic Plan,Medium,,,,Education,136528.1,4
APP-20250708-8796,7/8/2025,Jessica,L.,Harper,9908641686,joel28@example.org,Married,1,Kevin Ville,Sarangani,15,Rented,Unemployed,,133927.2,Business Income,16170.58,46206.9,5,3,38838.59,0,,,,,,,Home Renovation,351566.32,8
APP-20250808-6644,8/8/2025,Nichole,R.,Garrett,9904259792,dpeters@example.com,Widowed,0,Kristi Ville,Southern Leyte,29,Rented,Self-Employed,,39638.33,Salary,43437.62,41006.7,0,2,46336.48,1,9,Basic Plan,Medium,9956.3,22200.39,13,Education,548692.09,8
APP-20250405-9991,4/5/2025,Kevin,I.,Medina,9792069804,melissaturner@example.net,Married,0,Linda Ville,Sarangani,9,Rented,Freelancer,35471,134404,Salary,33005.02,43214.11,1,1,42604.15,1,,,,29393.79,15256.21,45,Business Expansion,904352.7,12
APP-20250406-9709,4/6/2025,Robert,A.,Price,9123878003,james17@example.com,Separated,2,Amanda Ville,Batangas,15,Others,Self-Employed,27726,140019.16,Remittances,,,,,,,16,Basic Plan,Low,,,,Medical,890950.08,4
APP-20250304-5590,3/4/2025,Emily,C.,Russo,9325621689,lindamatthews@example.net,Married,3,Timothy Ville,Aklan,7,Rented,Unemployed,,182849.72,Remittances,,,,,,,6,Premium Plan,Low,25877.63,9269.95,45,Personal,910014.9,12
APP-20250810-3378,8/10/2025,Alexis,S.,Hayden,9925188125,burgesskaren@example.org,Married,5,Randy Ville,Misamis Oriental,0,Living with Relatives,Unemployed,,67636.14,Remittances,38122.37,30599.08,17,2,9237.32,2,19,None,Low,10777.84,20644.24,30,Education,504812.96,12
APP-20250316-7126,3/16/2025,Justin,S.,Wong,9267722330,jose87@example.com,Widowed,0,Leah Ville,Biliran,29,Living with Relatives,Unemployed,48996,197766.25,Business Income,16244.78,22877.25,15,2,24497.14,1,,,,18237.9,24729.86,46,Home Renovation,397179.96,4
APP-20250731-9530,7/31/2025,Nathan,R.,Hart,9177038860,joycesmith@example.net,Widowed,4,Kenneth Ville,Capiz,24,Owned,Self-Employed,,93515.24,Remittances,,,,,,,,,,12673.87,18394.03,3,Personal,904157.27,12
APP-20250223-8400,2/23/2025,Ashley,J.,Pierce,9181298266,jonathan77@example.com,Separated,3,Jessica Ville,Marinduque,0,Rented,Unemployed,34798,27134.14,Remittances,31703.62,4265.33,45,2,35311.34,1,12,Premium Plan,Medium,23047.81,27367.58,36,Education,166313.48,6
APP-20250202-3930,2/2/2025,Amy,J.,Preston,9064474212,warrenmary@example.org,Married,0,Kathy Ville,Isabela,19,Living with Relatives,Salaried,,104549.25,Investments,23785.6,20507.57,5,2,29443.12,2,7,Premium Plan,Medium,1467.56,4447.69,41,Home Renovation,41537.45,4
APP-20250714-5889,7/14/2025,Jesse,J.,Smith,9510162249,nbrooks@example.net,Married,3,Donna Ville,Abra,23,Living with Relatives,Salaried,24614,71336.15,Investments,6101.16,42970.4,21,1,23540.84,1,22,None,High,3279.07,21891.86,40,Personal,987253.32,12
APP-20250503-5705,5/3/2025,Robert,A.,Bowen,9695489952,andre62@example.org,Widowed,4,Alice Ville,Nueva Ecija,23,Others,Unemployed,44938,54217.11,Remittances,39836.63,36873.42,13,2,23244.28,2,,,,,,,Business Expansion,337123.3,6
APP-20250524-1185,5/24/2025,Johnny,M.,Norton,9344144885,watsonrichard@example.net,Single,0,Veronica Ville,Aklan,21,Living with Relatives,Freelancer,,147635.36,Salary,23955.41,23725.02,2,2,46113.99,2,15,None,High,,,,Personal,896448.96,12
APP-20250608-7782,6/8/2025,Melanie,D.,Garrison,9084958803,davisnicholas@example.net,Separated,2,Brian Ville,Marinduque,2,Rented,Freelancer,27226,196887.57,Business Income,,,,,,,19,None,Medium,,,,Business Expansion,275139.93,4
APP-20250120-9143,1/20/2025,Megan,D.,Rivera,9357438421,jacobsonsamantha@example.org,Separated,0,Rachel Ville,Romblon,24,Rented,Salaried,,106138.99,Investments,26181.4,38776.66,9,4,36622.05,0,6,Premium Plan,Low,,,,Medical,715109,4
APP-20250111-1067,1/11/2025,Charles,S.,Lam,9409157018,whitemelissa@example.org,Separated,0,Brenda Ville,Cagayan,18,Living with Relatives,Self-Employed,,48105.55,Remittances,,,,,,,,,,,,,Business Expansion,276290.94,6
APP-20250311-5483,3/11/2025,Anne,A.,Atkinson,9109881385,patrick21@example.net,Separated,2,Brian Ville,Pampanga,4,Living with Relatives,Self-Employed,9668,69161.74,Remittances,,,,,,,4,None,Medium,3177.81,1614,27,Medical,183088.08,12
APP-20250713-6826,7/13/2025,Matthew,K.,Friedman,9453817921,unovak@example.org,Widowed,0,Kristen Ville,Davao del Sur,14,Living with Relatives,Unemployed,,54021.9,Business Income,45863.22,16516.4,20,2,9167.65,1,,,,1960.96,3386.61,30,Medical,846537.43,8
APP-20250222-6711,2/22/2025,Angela,N.,Lopez,9992816158,nmiller@example.com,Single,2,Jennifer Ville,Romblon,17,Others,Unemployed,,55329.31,Business Income,40695.79,29548.51,50,3,17035.71,3,,,,5192.56,20088.16,47,Personal,837564.45,4
APP-20250205-8584,2/5/2025,Jennifer,C.,Singh,9581724619,michael10@example.com,Single,5,Michael Ville,Cavite,26,Others,Freelancer,,132547.93,Salary,31806.64,9.22,9,0,45162.8,0,,,,,,,Medical,617494.31,12
APP-20250131-4205,1/31/2025,Jacob,S.,Peters,9354946519,fgarcia@example.com,Single,4,Candice Ville,Negros Oriental,16,Others,Self-Employed,,21858.01,Salary,11762.06,35111.09,25,0,43283.98,0,,,,,,,Medical,438014.1,6
APP-20250103-3841,1/3/2025,Robert,K.,Hardy,9723865624,ashleyjackson@example.com,Married,1,Dominic Ville,Romblon,0,Owned,Salaried,36896,135006.07,Business Income,34769.53,46515.55,39,4,44679.12,1,,,,,,,Personal,820971.07,12
APP-20250424-6821,4/24/2025,Bryan,R.,Fisher,9326909738,xpatton@example.com,Separated,3,Jennifer Ville,Surigao del Sur,29,Living with Relatives,Salaried,42234,101820.95,Remittances,26320.4,42967.53,48,1,36509.27,1,,,,15700.7,18302.12,15,Medical,632509.53,4
APP-20250523-9834,5/23/2025,Stephen,D.,Smith,9949058077,ncook@example.com,Widowed,4,Scott Ville,Surigao del Sur,23,Living with Relatives,Unemployed,,192510.45,Remittances,,,,,,,1,Premium Plan,High,,,,Personal,264140.92,12
APP-20250201-3770,2/1/2025,Malik,S.,Harris,9904904712,gregory65@example.com,Single,2,Tammy Ville,Bohol,8,Rented,Freelancer,,172993.09,Salary,40392.03,13062.63,44,2,22332.66,0,,,,23981.16,25860.43,21,Business Expansion,967508.91,6
APP-20250328-9125,3/28/2025,Lisa,P.,Wilson,9663723950,brittanygardner@example.net,Separated,0,Stephanie Ville,Occidental Mindoro,1,Rented,Unemployed,,100484.07,Investments,26522.11,21736.72,18,1,13131.26,1,,,,,,,Personal,684461.93,4
APP-20250412-2595,4/12/2025,Kelly,H.,Fuentes,9856945441,ichambers@example.net,Separated,5,John Ville,Agusan del Norte,18,Others,Unemployed,49032,121857.62,Business Income,,,,,,,10,Premium Plan,Low,24950.68,358.84,6,Personal,108387.75,12
APP-20250702-6759,7/2/2025,Charles,V.,Mendoza,9344300910,sferguson@example.com,Married,4,Krystal Ville,Maguindanao,20,Owned,Salaried,44628,34682.38,Business Income,46809.1,31939.03,17,1,23347.78,1,,,,,,,Education,781827.64,8
